{"train/loss":0.0489,"eval/telecom-ir-eval_cosine_mrr@3":0.8327387323106192,"train_samples_per_second":135.267,"train_steps_per_second":1.062,"train/grad_norm":0.5744901299476624,"train/global_step":880,"eval/samples_per_second":395.815,"eval/steps_per_second":3.107,"eval/loss":0.205118328332901,"eval/telecom-ir-eval_cosine_accuracy@1":0.7802354620049946,"_runtime":833.590903223,"train_loss":0.14138496382669968,"eval/telecom-ir-eval_cosine_recall@1":0.7802354620049946,"eval/telecom-ir-eval_cosine_accuracy@5":0.9268640742062076,"eval/telecom-ir-eval_cosine_map@100":0.8451323237489844,"eval/telecom-ir-eval_cosine_precision@1":0.7802354620049946,"eval/telecom-ir-eval_cosine_accuracy@3":0.8954691402069211,"eval/runtime":7.0816,"total_flos":0,"eval/telecom-ir-eval_cosine_mrr@10":0.843322488943252,"_step":116,"_wandb":{"runtime":833},"eval/telecom-ir-eval_cosine_ndcg@10":0.8702958282659676,"train/epoch":10,"_timestamp":1.745735764477983e+09,"eval/telecom-ir-eval_cosine_mrr@5":0.8397669163990961,"train/learning_rate":2.3794460453555047e-08,"eval/telecom-ir-eval_cosine_accuracy@10":0.9532643596146986,"train_runtime":828.8795}