{"train_samples_per_second":3.119,"train/global_step":96,"eval/loss":0.3056975305080414,"eval/runtime":29.1618,"train/learning_rate":2.6367430234880284e-05,"train_runtime":1242.8926,"eval/steps_per_second":1.132,"eval/samples_per_second":11.076,"eval/mean_token_accuracy":0.9329969359166694,"total_flos":3.381390150739968e+16,"train_loss":0.28780361513296765,"_timestamp":1.746147612947766e+09,"train/grad_norm":0.39559394121170044,"train/mean_token_accuracy":0.9297005480841587,"train_steps_per_second":0.077,"train/loss":0.2796,"train/num_tokens":2.075931e+06,"eval/num_tokens":1.612505e+06,"_wandb":{"runtime":1255},"train/epoch":2.9230769230769234,"_runtime":1254.612298096,"_step":6}