{"train_loss":1.8444415628910065,"train/num_tokens":553442,"train_steps_per_second":0.098,"total_flos":9.0095637276672e+15,"_timestamp":1.7461677442814567e+09,"train/learning_rate":3.110330809243134e-05,"eval/num_tokens":437178,"train_samples_per_second":3.952,"train/epoch":0.9846153846153847,"_runtime":337.218261189,"train_runtime":326.917,"train/grad_norm":0.16080470383167267,"eval/samples_per_second":13.876,"train/mean_token_accuracy":0.621875274926424,"train/global_step":32,"eval/mean_token_accuracy":0.6419578555858496,"_wandb":{"runtime":338},"train/loss":1.8723,"eval/loss":1.7263108491897583,"eval/steps_per_second":1.418,"eval/runtime":23.2772,"_step":2}