{"train/learning_rate":2.6367430234880284e-05,"_timestamp":1.746154877451638e+09,"eval/steps_per_second":1.133,"_runtime":1253.184887848,"train_samples_per_second":3.121,"train/loss":0.2864,"train_steps_per_second":0.077,"total_flos":3.381390150739968e+16,"train_loss":0.2904940148194631,"eval/runtime":29.1281,"eval/loss":0.31163281202316284,"eval/samples_per_second":11.089,"train/num_tokens":2.075931e+06,"eval/mean_token_accuracy":0.9322734601569899,"_wandb":{"runtime":1253},"train/epoch":2.9230769230769234,"train/grad_norm":0.4025554060935974,"train/mean_token_accuracy":0.9293823846076664,"train_runtime":1241.8836,"eval/num_tokens":1.612505e+06,"train/global_step":96,"_step":6}