{"eval/num_tokens":1.612505e+06,"train/num_tokens":2.075931e+06,"train/learning_rate":2.6367430234880284e-05,"train_samples_per_second":3.119,"train/mean_token_accuracy":0.9302664819516634,"_runtime":1252.804993542,"_step":6,"train_loss":0.2873556713263194,"_timestamp":1.7461600907791553e+09,"eval/loss":0.30363231897354126,"train/epoch":2.9230769230769234,"train_steps_per_second":0.077,"train/loss":0.2825,"eval/mean_token_accuracy":0.9342310573115493,"eval/samples_per_second":11.076,"eval/steps_per_second":1.132,"total_flos":3.381390150739968e+16,"eval/runtime":29.1634,"train/global_step":96,"_wandb":{"runtime":1253},"train/grad_norm":0.34449318051338196,"train_runtime":1242.6558}