{"_timestamp":1.746163121267812e+09,"train/num_tokens":699815,"train/global_step":32,"train_steps_per_second":0.077,"train_samples_per_second":3.091,"_wandb":{"runtime":440},"eval/mean_token_accuracy":0.869045514048952,"eval/runtime":29.2356,"train_loss":0.35760094225406647,"train/learning_rate":3.110330809243134e-05,"eval/loss":0.8020486235618591,"eval/steps_per_second":1.129,"train/grad_norm":0.3269866108894348,"eval/samples_per_second":11.048,"_step":2,"eval/num_tokens":553039,"_runtime":438.177663074,"train_runtime":417.9923,"total_flos":1.137511587834864e+16,"train/epoch":0.9846153846153847,"train/mean_token_accuracy":0.9166393149644136,"train/loss":0.3764}