{"eval/loss":1.8294817209243774,"train/epoch":0.9846153846153847,"eval/samples_per_second":11.04,"_wandb":{"runtime":428},"train/mean_token_accuracy":0.599933831486851,"eval/steps_per_second":1.128,"_runtime":428.38135164,"train_samples_per_second":3.091,"train/num_tokens":699815,"eval/runtime":29.2564,"train/loss":1.9698,"total_flos":1.13849699183616e+16,"train_loss":1.9478325545787811,"_timestamp":1.746172912949781e+09,"eval/mean_token_accuracy":0.619420922163761,"train_runtime":418.0482,"train/grad_norm":0.16073662042617798,"train_steps_per_second":0.077,"_step":2,"train/learning_rate":3.110330809243134e-05,"train/global_step":32,"eval/num_tokens":553039}