{"train/loss":0.1595,"eval/samples_per_second":544.331,"train_steps_per_second":3.841,"eval/runtime":0.5934,"eval/telecom-ir-eval_cosine_accuracy@10":0.9721362229102167,"eval/telecom-ir-eval_cosine_accuracy@3":0.9164086687306502,"_runtime":33.406858872,"eval/telecom-ir-eval_cosine_accuracy@5":0.9504643962848297,"eval/telecom-ir-eval_cosine_mrr@5":0.8603199174406605,"train/global_step":110,"_timestamp":1.7461454255560346e+09,"train_runtime":28.6404,"total_flos":0,"eval/telecom-ir-eval_cosine_mrr@3":0.8524251805985553,"train_samples_per_second":451.11,"eval/telecom-ir-eval_cosine_recall@1":0.7956656346749226,"eval/telecom-ir-eval_cosine_map@100":0.8643698454976594,"eval/loss":0.4296259880065918,"train/epoch":10,"train/grad_norm":2.1368274688720703,"_step":14,"eval/telecom-ir-eval_cosine_mrr@10":0.8632524939800482,"eval/telecom-ir-eval_cosine_accuracy@1":0.7956656346749226,"train_loss":0.46439685550603,"_wandb":{"runtime":34},"eval/telecom-ir-eval_cosine_precision@1":0.7956656346749226,"train/learning_rate":4.517825684323324e-07,"eval/steps_per_second":5.056,"eval/telecom-ir-eval_cosine_ndcg@10":0.8901768127105085}