{"eval/runtime":29.2874,"train/grad_norm":0.3146331012248993,"total_flos":1.13849699183616e+16,"train/loss":0.3815,"eval/num_tokens":553039,"train/epoch":0.9846153846153847,"train_samples_per_second":3.095,"train_runtime":417.461,"_step":2,"eval/mean_token_accuracy":0.9196780107238076,"eval/loss":0.3560490012168884,"train/num_tokens":699815,"train/global_step":32,"_runtime":428.001029531,"eval/samples_per_second":11.029,"train/learning_rate":3.110330809243134e-05,"train/mean_token_accuracy":0.9148890180513263,"_wandb":{"runtime":428},"train_loss":0.3636154681444168,"_timestamp":1.7461612665337653e+09,"eval/steps_per_second":1.127,"train_steps_per_second":0.077}