{"train_steps_per_second":1.418,"eval/telecom-ir-eval_cosine_accuracy@3":0.9090260435247949,"eval/telecom-ir-eval_cosine_mrr@3":0.8417766678558687,"eval/telecom-ir-eval_cosine_mrr@5":0.8475561897966466,"train/epoch":5,"_wandb":{"runtime":626},"total_flos":0,"_step":116,"train/grad_norm":1.5650912523269653,"eval/steps_per_second":6.4,"train_loss":0.11681251068684188,"eval/telecom-ir-eval_cosine_precision@1":0.7866571530503033,"eval/telecom-ir-eval_cosine_accuracy@1":0.7866571530503033,"_runtime":625.923156159,"train/learning_rate":2.3794460453555047e-08,"train/loss":0.0486,"eval/runtime":6.8747,"_timestamp":1.7457337713844335e+09,"eval/telecom-ir-eval_cosine_accuracy@10":0.9593292900463789,"train/global_step":880,"eval/telecom-ir-eval_cosine_accuracy@5":0.9339992864787727,"eval/telecom-ir-eval_cosine_ndcg@10":0.8777417590035895,"eval/telecom-ir-eval_cosine_map@100":0.8527322849581312,"train_runtime":620.8,"eval/samples_per_second":407.725,"eval/loss":0.1162726879119873,"train_samples_per_second":90.303,"eval/telecom-ir-eval_cosine_mrr@10":0.851040410218077,"eval/telecom-ir-eval_cosine_recall@1":0.7866571530503033}