{"train_loss":0.11412840969860553,"train/global_step":240,"train_runtime":168.3517,"eval/telecom-ir-eval_cosine_accuracy@1":0.8998664886515354,"eval/telecom-ir-eval_cosine_mrr@10":0.9335791637527283,"train/epoch":10,"eval/telecom-ir-eval_cosine_precision@1":0.8998664886515354,"eval/telecom-ir-eval_cosine_accuracy@5":0.9719626168224299,"eval/steps_per_second":2.828,"eval/telecom-ir-eval_cosine_accuracy@3":0.965287049399199,"train_samples_per_second":177.961,"eval/telecom-ir-eval_cosine_recall@1":0.8998664886515354,"eval/telecom-ir-eval_cosine_mrr@5":0.9322652425456164,"eval/telecom-ir-eval_cosine_accuracy@10":0.9813084112149533,"eval/runtime":2.1217,"_step":32,"eval/telecom-ir-eval_cosine_mrr@3":0.9307966177125055,"train/learning_rate":2.6442018223132857e-09,"eval/loss":0.16355575621128082,"_runtime":173.267207562,"eval/samples_per_second":353.017,"train/loss":0.0267,"eval/telecom-ir-eval_cosine_map@100":0.9339541170347838,"train_steps_per_second":1.426,"total_flos":0,"_wandb":{"runtime":173},"eval/telecom-ir-eval_cosine_ndcg@10":0.9455333855805396,"train/grad_norm":0.2707007825374603,"_timestamp":1.745736878927413e+09}