{"total_flos":0,"_wandb":{"runtime":14},"eval/telecom-ir-eval_cosine_recall@1":0.988950276243094,"train/grad_norm":0.1372489035129547,"eval/telecom-ir-eval_cosine_accuracy@1":0.988950276243094,"_runtime":14.493681952,"train_samples_per_second":718.956,"train_loss":0.11883130272229513,"eval/telecom-ir-eval_cosine_ndcg@10":0.9944040714954667,"eval/telecom-ir-eval_cosine_mrr@10":0.9926335174953961,"train_steps_per_second":5.958,"eval/telecom-ir-eval_cosine_precision@1":0.988950276243094,"eval/runtime":0.2908,"eval/telecom-ir-eval_cosine_mrr@5":0.9917127071823204,"eval/telecom-ir-eval_cosine_accuracy@10":1,"train/learning_rate":4.229604321829561e-08,"train/epoch":10,"train/loss":0.0158,"train/global_step":60,"eval/telecom-ir-eval_cosine_mrr@3":0.9917127071823204,"eval/steps_per_second":6.876,"eval/loss":0.052012063562870026,"_step":8,"train_runtime":10.0702,"_timestamp":1.7457310934053698e+09,"eval/telecom-ir-eval_cosine_map@100":0.9926335174953959,"eval/telecom-ir-eval_cosine_accuracy@5":0.994475138121547,"eval/samples_per_second":622.323,"eval/telecom-ir-eval_cosine_accuracy@3":0.994475138121547}