{"train_steps_per_second":1.337,"eval/telecom-ir-eval_cosine_mrr@5":0.8984093319194061,"eval/telecom-ir-eval_cosine_map@100":0.9004832409728726,"train/epoch":10,"eval/telecom-ir-eval_cosine_precision@1":0.8382820784729587,"eval/telecom-ir-eval_cosine_ndcg@10":0.9232052544841552,"eval/samples_per_second":418.317,"eval/telecom-ir-eval_cosine_accuracy@1":0.8382820784729587,"train_loss":0.07019856445870157,"total_flos":0,"train_runtime":441.2168,"eval/steps_per_second":3.327,"eval/telecom-ir-eval_cosine_accuracy@3":0.9581124072110286,"_runtime":445.928760366,"_timestamp":1.745738693623432e+09,"_wandb":{"runtime":446},"_step":78,"train/grad_norm":0.6418046355247498,"eval/telecom-ir-eval_cosine_accuracy@10":0.9925768822905621,"eval/telecom-ir-eval_cosine_mrr@10":0.9000441852244608,"train/loss":0.0281,"eval/telecom-ir-eval_cosine_mrr@3":0.8931601272534461,"train_samples_per_second":170.914,"eval/telecom-ir-eval_cosine_accuracy@5":0.9809119830328739,"eval/loss":0.05998940393328667,"eval/telecom-ir-eval_cosine_recall@1":0.8382820784729587,"train/learning_rate":1.5749893125160954e-08,"train/global_step":590,"eval/runtime":4.5085}