{"train/num_tokens":553442,"eval/samples_per_second":13.851,"eval/num_tokens":437178,"eval/loss":0.37032607197761536,"total_flos":9.0095637276672e+15,"eval/steps_per_second":1.415,"train_runtime":327.0627,"train_samples_per_second":3.95,"train/grad_norm":0.39251869916915894,"train/mean_token_accuracy":0.9128592922352254,"_timestamp":1.7461642541643617e+09,"train/global_step":32,"eval/mean_token_accuracy":0.9099364027832494,"train/learning_rate":3.110330809243134e-05,"_wandb":{"runtime":340},"train/epoch":0.9846153846153847,"train/loss":0.3954,"_runtime":339.897281249,"_step":2,"eval/runtime":23.3194,"train_loss":0.37307850271463394,"train_steps_per_second":0.098}