{"train_steps_per_second":4.479,"eval/telecom-ir-eval_cosine_recall@1":0.7956656346749226,"train/learning_rate":4.517825684323324e-07,"_wandb":{"runtime":29},"eval/samples_per_second":585.074,"eval/loss":0.4614253640174866,"train/loss":0.1593,"train_loss":0.48194903297857805,"eval/telecom-ir-eval_cosine_accuracy@10":0.9628482972136223,"train/grad_norm":2.0443902015686035,"eval/telecom-ir-eval_cosine_accuracy@3":0.9071207430340558,"eval/telecom-ir-eval_cosine_ndcg@10":0.8839117155185006,"total_flos":0,"eval/telecom-ir-eval_cosine_accuracy@1":0.7956656346749226,"train/epoch":10,"eval/telecom-ir-eval_cosine_accuracy@5":0.9411764705882353,"eval/telecom-ir-eval_cosine_precision@1":0.7956656346749226,"_runtime":28.838807398,"train/global_step":110,"_timestamp":1.745739006007431e+09,"eval/steps_per_second":5.434,"train_samples_per_second":526.092,"eval/telecom-ir-eval_cosine_mrr@3":0.8472652218782252,"eval/telecom-ir-eval_cosine_mrr@10":0.8580839353285173,"train_runtime":24.5585,"_step":14,"eval/runtime":0.5521,"eval/telecom-ir-eval_cosine_map@100":0.8594854549820987,"eval/telecom-ir-eval_cosine_mrr@5":0.8551599587203303}