{"eval/loss":0.36772581934928894,"_wandb":{"runtime":337},"train/num_tokens":553442,"eval/num_tokens":437178,"total_flos":9.0095637276672e+15,"eval/steps_per_second":1.418,"_timestamp":1.746165933273826e+09,"train_loss":0.37177395820617676,"_runtime":337.093480357,"eval/mean_token_accuracy":0.9103146466341886,"train_samples_per_second":3.955,"train/learning_rate":3.110330809243134e-05,"eval/samples_per_second":13.883,"train/grad_norm":0.3147968649864197,"_step":2,"train_runtime":326.7081,"train/mean_token_accuracy":0.9118118486367166,"train/loss":0.3943,"eval/runtime":23.2656,"train_steps_per_second":0.098,"train/global_step":32,"train/epoch":0.9846153846153847}